B94400811;VENTILADOR TS4 MICKEY 127V
076;Devolucao Comercial
B91201691;LIQUIDIFICADOR INDIVIDUAL MICKEY 127V
B00181030;SC CORPO GRAVADO WELLNESS FRY
B91201241;LIQUIDIFICADOR SUPREME WHITE 127V
060;Devolucao Comercial
B00181040;MANUAL DE INSTRUCOES WELLNESS FRY XL
B00181050;EMBALAGEM INDIVIDUAL WELLNESS FRY XL
B94401552;VENTILADOR NEO AIR 15 PR-GRAFITE 220V
061;Devolucao Comercial
B40112880;SC BORBOLETA PT
B00500400;EMBALAGEM TURBO 4
B41500210;SC CORPO AIR TIMER HP
B00141170;PESO DA BASE
B00400080;SC CABO COM PLUG
B00500440;EMBALAGEM AIR TURBO SILENCE
B00140560;PLACA DO ELETRONICA 220V
19309-01;SC CORPO INFERIOR
B40300010;CAPA DO MOTOR PT
B00500410;EMBALAGEM  DELFOS
B00800180;MANUAL DE INSTRUCOES VENT UNIF
B95100190;KIT PURE SEDUCTION
B00700210;CALAO LIQ. FLASH MIX
057;Devolucao Comercial
078;Devolucao Comercial
B91202012;LIQUIDIFICADOR OPTIMA POWER BR-PR 220V
079;Devolucao Comercial
00;Analise - Devolucao Comercial
B41600270;SC COPO COMPLETO PR 4 LAMINAS TAURUS
19274-01;SUPORTE DA MICRO CHAVE
B91202002;LIQUIDIFICADOR TAURUS VM 220V
B00700010;CALAO LIQ MOD. ADVANCES
B00178960;APOIO DA RESISTENCIA ETNA
19312-01;SC PTC DA PRANCHA
B00181830;EMBAL. INDIVIDUAL CAF. AROMA 32 INOX
B00181840;MANUAL DE INST. CAF. AROMA 32 INOX
B00192890;RESERVATÃ“RIO DE AGUA AROMA 16
B001692900;CORPO AROMA 16
B00168090;MANUAL DE INSTRUCOES AROMA-16
B00192900;CORPO AROMA 16
B00198840;SC BASE COM RODAS ASPIRADOR ACTION
B00198570;Porta Filtro Cyclone
B91201841;LIQUIDIFICADOR SUPREME BLACK 127V
B90000350;SECADOR DE CABELO TRAVEL 1500 (bivolt)
B41501730;SC CORPO BR C/FITA PR+REDE TAURUS 1000
B40400760;SC GRADE DIANTEIRA TS40 PR-DR 126W
20156-01;Barbeador Eletrico BM-600.
16245-01;BASE
B96800742;SANDUICHEIRA GRILLMAX PREMIUM 220V
11648-01;BASE
14385-01;BASE 127V 1000W FERRO APOLLO
B41500440;SC CORPO VENT. DELFOS TS PR 126W
15432-01;BASE AQUECIMETO WOK
11748-06;BASE AREIA [REV-007]
B02505170;MICRO SWITCH GRAND SMART 220V
11850-02;BASE COM RESISTENCIA 220V
11748-05;BASE AREIA [REV-007]
B00179730;CORPO GRAVADO COM LAPADA SWEET PARTY
18317-01;BASE ATENA CERMICA 127V
18317-02;BASE ATENA CERMICA 220V
14166-01;BASE AZ KALIPSO
11748-02;BASE BG 96 [REV-007]
13176-01;BASE BR 96 [R-003]
13078-01N;BASE BR 96 [REV-001]
11748-08;BASE BR 96 [REV-007]
11748-03;BASE BR 97 [REV-007]
12647-01;BASE BR [R-002]
14101-02;BASE CAFE [R-001]
029418;BASE CITROMIX
11007-01;BASE - COLUMBIA 127V
11007-02;BASE - COLUMBIA 220V
11850-01;BASE COM RESISTENCIA 127V
B00179750;SC RESISTENCIA  SWEET PARTY
B00179740;SC RESISTENCIA 127V SWEET PARTY
B00179780;TERMOSTATO SWEET PARTY
B00179790;SC CABOS SWEET PARTY
B00179760;MICA MAIOR SWEET PARTY
B00179770;MICA MENOR SWEET PARTY
B00179800;CABO COM PLUG SWEET PARTY
B40600240;SC BASE BR 30 BOR. AUTO REL.
B00179810;BASE COM POS SWEET PARTY
18470-01;SC BASE APOLLO 127V [R-005]
B40800720;BOTAO DA CHAVE DF GRAFITE AUT-REL
B00179820;TAMPA DA BASE SWEET PARTY
B00179830;MANUAL DE INSTRUCOES SWEET PARTY
B00179840;EMBALAGEM INDIVIDUAL SWEET PARTY
19703-01;MOLA DO ANTI DRIP
18474-01;SC CORPO GRAVADO ULISSES FAB
19303-01;TAMPA DECORTIVA DO PINO
B40400770;SC GRADE DIANTEIRA TS40 BR-DR 126W
B00501250;EMBAL. VENT. UNIF. DELFOS TS 126W
B94400752;VENTILADOR TURBO 4 220V 60Hz
B40400730;SC GRADE DIANTEIRA DELFOS TS STYLE
B41500430;SC CORPO BR DELFOS TS 126W
B94400852;VENTILADOR TS 4 220V
B40400720;SC GRADE DIANTEIRA TS30 STYLE
B40800710;BOTAO DA CHAVE DF DOURADO AUT-REL
B91600182;MIXER TAURUS BAPI 600 INOX PLUS 220V
B00198850;ENCAIXE TRASEIRO ASPIRADOR ACTION
B00198860;CORPO SUPERIOR ASPIRADOR ACTION
B00198890;VEDACAO DA MAGUEIRA ASPIRADOR ACTION
B00198910;VEDACAO DO MOTOR ASPIRADOR ACTION
B00198930;SUPORTE DO SACO DE PO ASPIRADOR ACTION
B00198900;INDICADOR DE SACO CHEIO ASPIRADOR ACTION
B00198920;SUPORTE DO INTERRUPTOR ASPIRADOR ACTION
B00198940;SACO DE PO ACTION
B91201802;LIQUIDIFICADOR MAGNUM 1 BR 220V
B00198950;CORPO TRASEIRO ASPIRADOR ACTION
B00198960;VEDACAO DO CORPO ASPIRADOR ACTION
B00198970;COXIM INFERIOR ASPIRADOR ACTION
B00198980;FILTRO DE EXAUSTAO ASPIRADOR ACTION
B00198990;FILTRO DO MOTOR ASPIRADOR ACTION
B00199000;CABO PLUG ASPIRADOR ACTION
B00198730;VASSOURA ASPIRADOR CYCLONE
B00198790;RODA DIANTEIRA ASPIRADOR CYCLONE
B00199010;FILTRO DE AR DE EXAUSTAO ASP. ACTION
B00199070;EMBALAGEM INDIVIDUAL ASPIRADOR ACTION
B00199080;MANUAL DE INSTRUCOES ACTION
B00199020;CAPACITOR ASPIRADOR ACTION
B00199030;BOTAO LIGA ASPIRADOR ACTION
B00199040;MOLA DO BOTAO ASPIRADOR ACTION
B00199050;BOTAO DECORATIVO ASPIRADOR ACTION
B415011100;SC CORPO BR C/FITA TAURUS SMART
B41501100;SC CORPO BR C/FITA TAURUS SMART
B00601650;EMBALAGEM INDIVIDUAL UNIF. TAURUS SMART
B41501020;SC CORPO C/FITA VM LIQ. TAURUS SMART
B98700171;PANELA ELE. PERFECTA PREMIUM GLASS 127V
B94400741;VENTILADOR CBF 127V 60Hz
B94401612;VENTILADOR NEO AIR 15 PR-AZUL 220V
B40800940;SC BOTAO DA CHAVE LIQ.TAURUS PR 1000
B40800730;BOTAO DA CHAVE VERDE
010;Devolucao Comercial
011;Devolucao Comercial
B00179870;SAIDA DE ARA GLACIAL
B00180980;TAMPA FRONTAL GLACIAL
B00180990;TAMPA TRASEIRA GLACIAL BR
B00179880;PROTETOR DO COOLER GLACIAL
B00181000;BOTAO LIGA/DESLIGA GLACIAL BR
B00179890;PLACA DE PELTIER
B00181010;EMBALAGEM INDIVIDUAL GLACIAL BR
B00179900;DISSIPADOR GLACIAL
B00180970;SC CORPO GLACIAL BR
B00180920;TORNEIRA DE AGUA GELADA BR
B00180930;TORNEIRA DE AGUA NATUARL BR
B01000230;MOTOR VENT.12 IEC 127V 60Hz C/NOVO PIVO
B00180940;SC CABO PLUG BR
B00180950;BASE GLACIAL BR
B00180960;BANDEJA COLETORA GLACIAL BR
19307-01;ANEL CONECTOR
B91800742;FERRO A VAPOR ERIS CERAMIC 220V
B91201292;LIQUIDIFICADOR VITA AZ 220V
B91600251;MIXER ROBOT 250 127V
B94401122;VENTILADOR TS30 PR-MG 220V
B00500670;EMBALAGEM VENT. TS40 BR
B40300070;CAPA DO MOTOR BR TURBO
B40800320;BOTAO BR TS 40
B40400450;SC GRADE DIANTEIRA TS 40 AZ
B43300080;PLACA DECORATIVA DO PEDESTAL AZ
19305-01;MOLA CENTRAL
B40400620;SC GRADE DIANTEIRA PR-LR TS30
B40800690;BOTAO DA CHAVE LARANJA
B94401381;VENTILADOR TS40 VIBE 127V
B00192770;HELICE INTERNA SMART AIR FRYER
B001928010;BOTAO DE TEMP. SMART AIR FRYER
B00192790;PASSA CABO SMART AIR FRYER
B00192800;BOTAO DE TEMP. SMART AIR FRYER
B00192830;SC BASE E CORPO SMART AIR FRYER
B00192840;PAINEL DO TEMP. SMART AIR FRYER
B00192740;GRADE SMART AIR FRYER
B00192810;TAMPA SUPERIOR SMART AIR FRYER
B00192870;APOIO DO MOTOR SMART AIR FRYER
B00192850;BOTAO DO TEMP. SMART AIR FRYER
B00192750;ACABAMENTO INTERNO SMART AIR FRYER
B00192860;PROTETOR DOS LEDS SMART AIR FRYER
B00192780;PRESILHA SMART AIR FRYER
B00181430;TERMOSTATO DE REGULACAO SMART AIR FRYER
B00192820;SC CORPO GRAVADO SMART AIR FRYER
B00192760;HELICE SMART AIR FRYER
B00181410;RESISTENCIA 127V SMART AIR FRYER
B00181440;MOTOR 127V SMART AIR FRYER
B00181450;MOTOR 220V SMART AIR FRYER
B00181460;TELA SMART AIR FRYER
B00181370;BOTAO DA CESTA SMART AIR FRYER
B91800752;FERRO A VAPOR JUPITER 220V
B00181490;MANUAL DE INSTRUCOES SMART AIR FRYER
B00181500;EMBALAGEM INDIVIDUAL SAMRT AIR FRYER
B01600230;REDE ELETRICA LIQ. PR 4V+P
B98700202;PANELA DE PRESSAO EASY PRESS 220V
B00800780;MANUAL DE INSTRUCAO UNIF. TAURUS
B00600330;EMBAL. INDIVIDUAL UNIF GIROMAX
B00133000;CALCO BAT GIROMAX
B40118410;BOTAO EJETOR PRATA
B40118420;PEDESTAL PR GRAVADO GIR. BLACK
B90000340;SECADOR DE CABELO ION PRO 4000 127V/220V
B00800210;MANUAL DE INSTR UNIF-ALL BAT.
B91201291;LIQUIDIFICADOR VITA AZ 127V
B00500680;EMBALAGEM VENT. TS6
B00500780;EMBALAGEM VENT. TS6 RED
B00106130;CALCO EMBALAGEM V-30cm BOREAL
B41501750;SC CORPO VM C/FITA PR+REDE TAURUS 1000
B91800712;FERRO A VAPOR TAURUS GEYSER DIAMOND 220V
B00600500;EMBALAGEM INDIVIDUAL LIQ.TORNADO
B40800370;SC BOTAO DA CHAVE TORNADO
B00179690;PARAFUSO DA ALOA GRILL ASTERIA COMPACT
B41500250;CORPO PR GRAVADO TORNADO
B40400490;SC GRADE DIANTEIRA OZONIC TS
B91800732;FERRO SECO SAHARA (PR) 220V 60Hz
B94400751;VENTILADOR TURBO 4 127V 60Hz
B94400381;VENTILADOR 30CM SECURITY BLACK 127V
B96000151;TORRADEIRA TAUTUS PLANET DUPLO LEGEND 127V
B91800701;FERRO A VAPOR ADRIA BR 127V 60Hz
18927-02;CHAMINE IBIZA
14177-01;PE DE BORRACHA
14043-26;EMBALAGEM INDIVIDUAL BALANCA AQUARIUS
B00200570;ETIQUETA BR AVON 100X75MM
14163-04;COPO SAN COM FURO [R-002]
20375-01;FRITADEIRA FRY INOX 127V 60Hz
B02504480;BOTAO SELETOR SHINE MODEL STYLER 2018
B00141920;INTERRUPTOR MFI400
BOO601500;EMBALAGEM INDIVIDUAL FLASH MIX BR/LR
B00601500;EMBALAGEM INDIVIDUAL FLASH MIX BR/LR
07220-22;TINTA T. PRINT P31LARANJA 151C [R-018]
07220-26;TINTA T.PRINT ORANGE PANT 1365C [R-018]
07220-35;TINTA T PRINT AZUL P535C [R-018]
07105-01;ARRUELA PRESSAO 04.1X07.2X0.9mm [R-008]
07220-37;TINTA T PRINT P187C VERM [R-018]
07220-38;TINTA T PRINT P390U VERDE [R-018]
07220-39;TINTA T PRINT P432C GRAFITE [R-018]
07220-44;TINTA T PRINT P WHITE [R-018]
07220-45;TINTA T PRINT ROSA P252C [R-018]
07402-03;FIO DE COBRE ESMALTADO 28 AWG NT [R-014]
07402-06;FIO DE COBRE ESMALTADO 29AWG [R-014]
09258-09;PORCA 6-32X3.5X7.1mm [R-017]
09258-13;PORCA M4X4.0X7.0mm [R-017]
09307-02;TUBO ISOLANTE 5.0X300mm [R-032]
09774-03;CABO COM PLUG 1500mm BR
09774-16;CABO COM PLUG 1350mm PRETO
09774-17;CABO COM PLUG 1350mm BR
09774-21;CABO COM PLUG 1350mm BR
09774-22;CABO COM PLUG 1350mm PR
09774-25;CABO COM PLUG 1350mm BR
09774-26;CABO COM PLUG 1350mm PR
09793-01;GRAXA DE BISULFETO D MOLIBIDENIO [R-003]
09814-106;EMB. COLETIVA MIXER C COPO
09814-107;EMB. COLETIVA MIDAS UNIFICADA
B40111840;SUPORTE DO BOTAO PRATA
09814-111;EMB. COLETIVA TUTTO AROMA MIDAS
09814-113;EMB. COLETIVA MULTIPROCESSADOR
20218-02;CONECTOR CE-2
09593-04;ARRUELA ONDULADA [R-009]
09814-166;EMB. COLETIVA BAT GIROMASTER
10544-50;MASTER PABS BR-GL
09814-172;EMBALAGEM VENTILADOR DELFOS 40
09814-174;EMBALAGEM VENTILADOR IONIC
09814-175;EMBALAGEM VENTILADOR OZONIC
09814-179;EMB COLET TRITER X TRITER BLACK
09814-184;EMBAL COLETIVA UNIF-LIQ TOKYO
09814-185;EMB. VENTILADOR DELFOS BLACK
09814-189;EMBAL COLETIVA UNIF-LIQ EXPERT
09814-191;EMBAL COLETIVA UNIF LIQ ADV 3-5-PLT
09814-192;EMBAL COLETIVA LIQ ADV TRITER
09814-72;EMB.COLETIVA TRITER
09814-88;EMB. COLETIVA FERRO SECO
09814-96;EMB. COLETIVA LIQ. EASY CLEAN
09814-97;EMB. COLETIVA LIQ. FAST CLEAN
09814-98;EMB. COLETIVA LIQ. TOP CLEAN
09814-99;EMB. COLETIVA GIRO MASTER PLUS
10320-01;MOTORES ELETRICO UNIVERSAL
10543-23;MASTER BATCH PPP CZ COL GRAY 2C
10543-24;MASTER BATCH PPP SALM PANT 148C
10543-25;MASTER BATCH PPP PRETO
10543-34;MASTER BATCH PPP CINZA P446C
10543-35;MASTER BATCH PPP RANDON AZUL
10543-37;MASTER BATCH CAFE PPP H502
10543-38;MASTER BATCH PPP VERDE P390U
10543-39;MASTER BATCH COM GLITER
10543-40;MASTER BATCH PPP BR 2005
10543-43;MASTER BATCH VERDE CLARO
10543-44;MASTER BATCH CZ GLITER PANT 432C
10543-45;MASTER BATCH CINZA PANTONE 430C
10543-55;MAST BATC PPP H117 PR R.SD518-09
18352-01;BOTAO ENROLA CABO
10543-59;MAST BAT PPP AZU ESC ADRIA P296C
10544-36;MASTER BATCH PABS P446C CINZA [R-034]
10544-39;MASTER BATCH P ABS AZ P2716
10544-41;MASTER PABS COM GLITER P430C [R-034]
10544-42;MASTER PABS COM GLITER P432C [R-034]
10544-43;MASTER PABS CINZA P421C [R-034]
10544-45;MASTER PABS AZ P644C
10544-46;MASTER PABS BR 13672-03
10544-48;MASTER PABS PRATA REF13940-01
10544-49;MASTER PABS PRETO REF14600-01
11415-01;CENTRIFUGA EXTRATOR DE SUCOJUICER
11453-03;PARAF TRILOB M3.5X12.5MM ZINC BR [R-005]
11453-04;PARAF TRILOB M3.5X14.5MM ZINC AM [R-005]
11611-01;ETIQUETA ADESIVA BR 50X70mm [R-002]
11611-05;ETIQUETA ADESIVA 20X35mm BR [R-002]
11611-16;ETIQ. ADESIVA F5RO0238 20X35 BR [R-002]
11674-04;RIBBON R510wh EXT.76mmX450m
12029-01;POLICARBONATO LEXAN144R-COPLEN [R-002]
B00105080;SC BORBOLETA CPARAFUSO BR [R-002]
12307-103;EMB INDIV LIQ E PROC TRITER BLACK
12307-104;EMBALAGEM INDIVIDUAL AROMA 32
12307-105;EMBAL INDIVIDUAL BAT GIRO TOKIO
12307-106;EMB. INDIV. LIQ TOP CLEAN BLACK TOKIO
12307-108;EMB. INDIV. LIQ RED FILTER
12307-110;EMB. INDIV. BAT PRECISA BLACK
12307-112;EMB. INDIV. LIQ RED LINE TOKIO
12307-113;EMB. INDIV. KALIPSO BF
12307-117;EMBAL INDIV LIQ ADV 5 FILTER
12307-118;EMB. INDIV. LIQ. reutilizar
12307-119;EMB INDIV LIQ ADV FILTER PLATINUM
12307-120;EMB. INDIV LIQ. ADVANCE TRITER
12307-27;EMB. INDIV. GIRO TOKIO
12307-28;EMB. INDIV. HAND TOKIO [R-060]
12307-29;EMB. INDIV. FLASH MIX-MIDAS
12307-30;EMB. INDIV. TWIST MIDAS
12307-31;EMB. INDIV. TWIST HANDY MIDAS
12307-33;EMB. INDIV. LIQ. FAST CLEAN
12307-34;EMB. INDIV. LIQ. TOP CLEAN
12307-35;EMB. INDIV. GIRO MASTER PLUS
12307-39;EMB. INDIV. LIQ FILTRUS TOKIO
12307-41;EMB. INDIV LIQ. SUPER PRACTICA
12307-47;EMB. INDIV. TUTTO AROMA MIDAS
12307-49;EMB. INDIV. LIQ. GLITER
29416;CONJUNTO SPRAY BOMBA
12307-60;EMB INDIV LIQ TRITER ARG.TAURUS
12307-61;EMB INDIV TUT.AROMA+ ARG TAURUS
12307-66;EMB. INDIV. LIQ ELIT TOKIO
12307-68;EMB. INDIV. LIQ. OPTIMA TAURUS
12307-74;EMB. INDIV. MAXIMA PLUS
12307-76;EMB. INDIV. MULTIPROC MIDAS
12307-77;EMB. INDIV. MAXIMA PLUS TAURUS
12307-79;EMB. INDIV. GIR. HANDY TAURUS
12307-80;EMB. INDIV. ELEGANCE FILTER 3V
12307-86;EMB. INDIV BAT BATI PLUS TOKYO
12307-94;EMB. INDIV. BAT GIROMASTER
12307-97;EMB. INDIV. MULTIPROC BRAVO
12307-99;EMB. INDIV. LIQ TORNADO [R-060]
12476-02;PORCA QUADRADA [R-010]
12642-03;BUCHA SINTERIZADA [R-006]
13183-05;PLAQUETA DA GRADE 40 BR INJ. [R-008]
13268-02;SC EMBALAGEM CTA VENT.DELFOS 40
13323-04;FOLHETO DE INSTRUCOES KS-LIC1800 KASSEL
13353-04;CABINHO PMICRO-CHAVE TOP ELEG [R-014]
13353-06;CABO 140mm PR 0.5mm2 cTERMINAIS [R-014]
13610-01;SC INTERRUPTOR REDECABO(ARGENT) [R-003]
13616-02;FITA HOT STAMP BICOLOR P2758C [R-001]
13624-100;ETIQ SELO RUIDO LIQ KALIPS BF127V[R-029]
13272-03;ABS BR 2005
13624-101;ETIQ SELO RUIDO LIQ KALIPS BF220V[R-029]
13624-105;ETIQ SELO RUIDO LIQ ADV-3 127V
13624-112;ETIQ SELO RUI LIQ ADV TRITER 220V
13624-33;ETIQ SELO RUIDO 220V LIQ MAGNUM
13624-58;ETIQ SELO RUIDO LIQ TOP ELEG 127V
13624-81;ETIQ SELO RUIDO BLACK FIL 5V 220V
13831-02;SC INTER REDECABO(EXP.F.MIX) ARG[R-004]
13895-03;MASTER BATCH PPOM PRETO [R-003]
13924-01;REDE ELETR.TAURUS 12" 127V [R-006]
13946-01;SC. REDE ELETRICA + RC 3V [R-002]
13946-02;SC. REDE ELETR OPT. MILL DUBAI [R-002]
13947-01;CIRCUITO RADIO INTERFERENCIA [R-001]
13953-01;EMB.INDIVIDUAL OPTIMA MAGNUM [R-003]
13953-03;EMB.INDIV. OPTIMA MILLL [R-003]
13953-06;EMB.INDIV. TRITER MIDAS
13954-04;FOLHETO DE INSTRUCOES TOKYO FACILITA
13996-01;EIXO DA FACA DO PICADOR
14003-01;BUCHA SINTERIZADA P PICADOR [R-002]
14107-01;ARTICULADOR BR [R-001]
14051-02;EMB.INDIVIDUAL ROBOT TOKIO [R-009]
14043-90;EMBALAGEM INDIVIDUAL CCM-307
14051-03;EMB.INDIVIDUAL ROBOT MIDAS [R-009]
14051-05;EMB INDIV MIXER CCOPO ARG TAURUS[R-009]
14051-06;EMB. INDIV MIXER TOKIO COM COPO [R-009]
14083-01;FOLHETO DE INSTRUCOES TURBO METALICO
14108-01;VALVULA CORTA PINGOS BR [R-001]
14156-01;FOLHETO DE INSTRUCOES FLASH-IN
14174-06;FOLHETO DE INSTRUCOES SUPER PRACTICA
14455-01;ETIQUETA ADESIVA MALLORY [R-013]
14455-02;ETIQUETA ADESIVA MALLORY [R-013]
14455-03;ETIQUETA ADESIVA MALLORY
14495-04;CABO MOTORCH 320MM 105C [R-003]
14495-05;CABO MOTORPLUG 230MM 105C [R-003]
14496-04;CABO DE FORCA 4M 2X1MM2 ARGENTINA[R-004]
15107-02;MOTOR HUMIDIFIDOR POLARIS 220V
15423-01;EIXO DE ACO MULTIPROCESSADOR [R-006]
15426-02;LAMINA DE RALAR [R-002]
16226-03;EMB.IND. PRE-MONTADA WTL TORNADO[R-011]
16226-04;EMBINDIV PRE-MONTADA WTL KALIPSO [R-011]
16226-05;EMBINDIV PRE- MONTADA WTL F. INN [R-011]
17095-02;MOTOR LIQ 1VEL 220V 50Hz [R-002]
17147-01;PE DE BORRACHA DKM-100
17156-01;TRAVESSAS DE APOIO TOSTARE PLUS
17157-01;SUPORTE ESQUERDO TOSTARE PLUS
17157-02;SUPORTE DIREITO TOSTARE PLUS
17166-01;SC BASE COM PES TOSTARE PLUS
17228-01;CORPO SUP. GRAVADO LISS CERAMIC
17231-01;CALCO INFERIOR LISS CERAMIC
17232-01;SUPORTE DA PLACA LISS CERAMIC
17235-01;PARAFUSO CENTRAL LISS CERAMIC
0907480;SWITCH DE SEGURANCA 220V
17245-02;MICRO SWITCH 15A-250V(NF)
17246-02;LAMPADA 220V MICROONDAS
17470-01;SC REDECABO MOTOR IMPORTADO [R-004]
17538-02;PBT CELANEX AZUL P644 [R-003]
17538-03;PBT CELANEX BR [R-003]
17538-04;PBT CINZA P429C [R-003]
17539-01;FONE DE OUVIDO
17556-01;SC MANCAL TRASEIRO COMPLETO M.U [R-001]
17902-01;SC PARAFUSO PRINCIPAL
18021-01;SC BASE CLASSICO 127V
18021-02;SC BASE CLASSICO 220V
18023-01;CALCO DO BICO CLASSICO
18104-01;SC CORPO GRAVADO
18116-01;MOLA DA PLACA
18124-02;SC CORPO ESQUERDO MLO 180
18294-03;COMPARTIMENTO DE PILHAS PRETO
18295-03;TAMPA DO COMPARTIMENTO PRETO
18296-01;SUPORTE DE BOTOES PRATA
18296-02;SUPORTE DE BOTOES CINZA
18344-01;ESCOVA DE ASSOALHO FOCUS
18345-01;ESCOVA REDONDA FOCUS
18350-01;ANEL DE VEDACAO
18351-01;TRAVA DE ENCAIXE
18381-01;TAMPA DO FUNDO COM GIRATORIO
18382-01;GAVETA COLETORA DE RESIDUOS
18383-01;PORTA LATERAL COM DOBRADICAS
18384-01;VEDACAO DE SILICONE SUPERIOR
18386-01;CONEXAO EM T
18387-02;MANGUEIRA DE SILICONE 5MM X 145MM
18387-04;MANGUEIRA DE SILICONE 5MM X 450MM
18389-01;MICRO DO GRUPO
18489-01;PP HOMOPOLIMERO H117
18490-01;LENTE DA LAMPADA APOLLO [R-000]
18380-02;BANDEJA AQUECEDORA
18700-01;SILICONE PARA ALTA TEMPERATURA [R-000]
18819-04;SC INTER REDECABO 8V+P 220V [R-006]
18910-01;MOTOR LIQ 1V 5430 127V 60Hz
18985-02;EMBALAGEM COOK TOP MC705 5B [R-001]
19052-01;PLACA DESLIZANTE BUONA PASTA
20340-03;CABO CPLUG PR 2X0.75mm2 CTERM [R-000]
20066-01;PLACA METALICA GRAVADA
20067-01;MOLA DO INDICADOR
20068-01;SC BOMBA VAPOR ADRIA
20069-01;SC BOMBA SPRAY ADRIA
20070-01;SC BASE ADRIA 127V
20070-02;SC BASE ADRIA 220V
19111-01;BOTAO SWITCH AIR 50 BLACK
20079-01;BOTAO DO SPRAY
20080-01;GAXETA DA TAMPA DO TANQUE
20081-01;GAXETA DO CORPO
20186-01;SC REGULAGEM DO VAPOR
20187-01;TAMPA DO TANQUE
20188-01;BOTAO DE TEMPERATURA GRAVADO
B90200260;CORTADOR MITHOS CORDLESS 127-220V
20189-01;PROTETOR DO CABO
20190-01;SC BOMBA DO SPRAY PROMAX
20191-01;SC BOMBA DO VAPOR PROMAX
20192-01;PRENSA CABO PROMAX
20193-01;MOLA DO BOTAO DE TEMPERATURA
20195-01;ORING DO VAPOR
20196-01;ANEL SAIDA DO VAPOR
B90000421;SECADOR PROFISSIONAL TORNADO 2200W 127V
20219-01;CALCO VENTILACAO [R-000]
B00142640;SC REDE ELETRICA PR LIQ 3V+P
20340-01;CABO CPLUG BR 2X0.75mm2 STERM [R-000]
20340-02;CABO CPLUG PR 2X0.75mm2 STERM [R-000]
17705-01;BASE ULISSES 127V
20342-01;ETIQ. INDIV. EXPERT AV 127V
20342-02;ETIQ. INDIV. EXPERT AV 220V
20343-01;ETIQUETA COLETIVA EXPERT AV 127V
20343-02;ETIQUETA COLETIVA EXPERT AV 220V
29021;CONJ. DO CORPO SUPERIOR (MALIBU)
29022;TAMPA PROTETORA (MALIBU)
29030;C. OSCILACAO (MALIBU)
29034;GRADE DO CORPO (MALIBU)
29141;TAMPA DO TANQUE CAFEMAX
29143;INTERRUPTOR NEON 120V CAFEMAX
29144;FILTRO PERMANENTE CAFEMAX
29145;PORTA FILTRO CAFEMAX
29151;TERMOSTATO 125C-10A-120V CAFEMAX
29155;COLHER DE MEDIDA CAFEMAX
29175;SC BOTAO ENROLACABOS MAX 1000
29177;RESISTENCIA 120V 750W CAFEMAX
29408;BOTAO SPRAY AGUA
29413;COBERTURA DA BASE
29414;AGULHA
29432;GOMA MOTOR MAX 1000
29438;GOMA APOIO MOTOR ASP IMPORTADO
29446;VISOR LAMPADA LANCHEMAX
29461;BICO DA SAIDA CAFEMAX
29467;CONJ. MOTOR 220V
29468;CONEXAO REDE CITROMIX
29733;FILTRO PERMANENTE CF TUTTO AROMA
29734;PORTA FILTRO CAFE TUTTO AROMA
29737;SC INTERRUPTORCOM NEON 120V TUTTO AROMA
29738;TERMOSTATO KSD301 125C-10A-120V TUTTO AR
29740;TAMPA DA BASE CAFE TUTTO AROMA
29741;RESISTENCIA 120V - 750W TUTTO AROMA
29742;MANGUEIRA DE SILICONE MAIOR COM MOLA TUT
